{
	"groups":[
	{
		"keys":"item_100_json,remove_anim_bomb_json,remove_anim_normal_json,res_json,throw_json,bgsound_mp3,bomb_mp3,drop_mp3,eat_mp3,lose_mp3,shoot_mp3,win_mp3,data_json,chapter_fnt,hit_num_fnt,score_fnt,small_score_fnt,bomb_anim_json,box_anim_json,gamebg_jpg,index_jpg,item_8_json,res_uncompress_json,perfect_1_mp3,perfect_2_mp3,perfect_3_mp3,perfect_4_mp3,step2score_mp3,tail_json",
		"name":"preload"
	}],
	"resources":[
	{
		"name":"item_100_json",
		"type":"json",
		"url":"assets/item_100.json"
	},
	{
		"name":"remove_anim_bomb_json",
		"type":"json",
		"url":"assets/remove_anim_bomb.json"
	},
	{
		"name":"remove_anim_normal_json",
		"type":"json",
		"url":"assets/remove_anim_normal.json"
	},
	{
		"name":"res_json",
		"subkeys":"bomb_anim_png,bomb_png,box_anim_png,buy_btn_png,ch_close_png,ch_open_png,ch_star_png,ch_top_png,ch_unstar_png,change_png,close_btn_png,critical_png,end_line_png,get_btn_png,icon_bg_png,item_icon_1_png,item_icon_2_png,item_icon_3_png,item_icon_4_png,item_txt_name_1_png,item_txt_name_2_png,item_txt_name_3_png,item_txt_name_4_png,leaf_get_png,leaf_glow_png,leaf_gray_png,lose_png,lose_total_txt_png,pause_bg_png,pot_png,price_bg_png,progress_back_png,progress_front_png,relayout_png,remove_anim_bomb_png,remove_anim_normal_png,shop_add_btn_png,shop_alert_png,shop_bg_png,shop_line_png,shop_sub_btn_png,shop_title_png,star_gray_png,star_png,task_icon_1_png,task_icon_2_png,task_icon_3_png,task_name_10_png,task_name_11_png,task_name_12_png,task_name_13_png,task_name_15_png,task_name_16_png,task_name_17_png,task_name_18_png,task_name_19_png,task_name_1_png,task_name_20_png,task_name_21_png,task_name_2_png,task_name_3_png,task_name_4_png,task_name_5_png,task_name_6_png,task_name_7_png,task_name_8_png,task_name_9_png,task_tip_png,task_title_png,throw_png,tree_down_png,txt_geted_png,win_light_png,win_png,win_star_gray_png,win_star_png,win_target_txt_png,zan_bg_png,zan_txt_1_png,zan_txt_2_png,zan_txt_3_png,zan_txt_4_png",
		"type":"sheet",
		"url":"assets/res.json"
	},
	{
		"name":"throw_json",
		"type":"json",
		"url":"assets/throw.json"
	},
	{
		"name":"bgsound_mp3",
		"type":"sound",
		"url":"assets/audio/bgsound.mp3"
	},
	{
		"name":"bomb_mp3",
		"type":"sound",
		"url":"assets/audio/bomb.mp3"
	},
	{
		"name":"drop_mp3",
		"type":"sound",
		"url":"assets/audio/drop.mp3"
	},
	{
		"name":"eat_mp3",
		"type":"sound",
		"url":"assets/audio/eat.mp3"
	},
	{
		"name":"lose_mp3",
		"type":"sound",
		"url":"assets/audio/lose.mp3"
	},
	{
		"name":"shoot_mp3",
		"type":"sound",
		"url":"assets/audio/shoot.mp3"
	},
	{
		"name":"win_mp3",
		"type":"sound",
		"url":"assets/audio/win.mp3"
	},
	{
		"name":"data_json",
		"type":"json",
		"url":"assets/cfg/data.json"
	},
	{
		"name":"chapter_fnt",
		"type":"font",
		"url":"assets/font/chapter.fnt"
	},
	{
		"name":"hit_num_fnt",
		"type":"font",
		"url":"assets/font/hit_num.fnt"
	},
	{
		"name":"score_fnt",
		"type":"font",
		"url":"assets/font/score.fnt"
	},
	{
		"name":"small_score_fnt",
		"type":"font",
		"url":"assets/font/small_score.fnt"
	},
	{
		"name":"bomb_anim_json",
		"type":"json",
		"url":"assets/bomb_anim.json"
	},
	{
		"name":"box_anim_json",
		"type":"json",
		"url":"assets/box_anim.json"
	},
	{
		"name":"gamebg_jpg",
		"type":"image",
		"url":"assets/gamebg.jpg"
	},
	{
		"name":"index_jpg",
		"type":"image",
		"url":"assets/index.jpg"
	},
	{
		"name":"item_8_json",
		"type":"json",
		"url":"assets/item_8.json"
	},
	{
		"name":"res_uncompress_json",
		"subkeys":"ch_home_png,ch_next_png,cup_png,game_top_png,guide_cir_png,item_100_png,item_1_png,item_2_png,item_3_png,item_4_png,item_5_png,item_6_png,item_7_png,item_8_png,lose_main_png,lose_replay_png,music_off_png,music_on_png,num_tip_png,pause_music_off_png,pause_music_on_png,pause_png,pause_shop_png,play_png,tail_png,win_main_png,win_play_png",
		"type":"sheet",
		"url":"assets/res_uncompress.json"
	},
	{
		"name":"perfect_1_mp3",
		"type":"sound",
		"url":"assets/audio/perfect_1.mp3"
	},
	{
		"name":"perfect_2_mp3",
		"type":"sound",
		"url":"assets/audio/perfect_2.mp3"
	},
	{
		"name":"perfect_3_mp3",
		"type":"sound",
		"url":"assets/audio/perfect_3.mp3"
	},
	{
		"name":"perfect_4_mp3",
		"type":"sound",
		"url":"assets/audio/perfect_4.mp3"
	},
	{
		"name":"step2score_mp3",
		"type":"sound",
		"url":"assets/audio/step2score.mp3"
	},
	{
		"name":"tail_json",
		"type":"json",
		"url":"assets/tail.json"
	}]
}