{"mc":{
	"叶子特效":{
		"frameRate":10,
		"frames":[
			
			{
			"res":"616DA3B8",
			"x":-2,
			"y":0
			},
			{
			"res":"C6658883",
			"x":0,
			"y":0
			},
			{
			"res":"1789885E",
			"x":-5,
			"y":-3
			},
			{
			"res":"43F419ED",
			"x":-6,
			"y":-4
			},
			{
			"res":"59075530",
			"x":-3,
			"y":-2
			},
			{
			"res":"1AD019EC",
			"x":-6,
			"y":-6
			},
			{
			"res":"E551E574",
			"x":-6,
			"y":-6
			},
			{
			"res":"4F310E0A",
			"x":-3,
			"y":-3
			},
			{
			"res":"91005D0A",
			"x":-5,
			"y":-5
			},
			{
			"res":"F9B49713",
			"x":-6,
			"y":-6
			}
			]
}},
	"res":{
		"616DA3B8":{"x":148,"y":70,"w":62,"h":62},
		"C6658883":{"x":212,"y":70,"w":60,"h":61},
		"1789885E":{"x":147,"y":1,"w":68,"h":67},
		"43F419ED":{"x":75,"y":73,"w":71,"h":69},
		"59075530":{"x":144,"y":144,"w":66,"h":66},
		"1AD019EC":{"x":1,"y":1,"w":72,"h":72},
		"E551E574":{"x":1,"y":75,"w":72,"h":72},
		"4F310E0A":{"x":75,"y":144,"w":67,"h":67},
		"91005D0A":{"x":75,"y":1,"w":70,"h":70},
		"F9B49713":{"x":1,"y":149,"w":72,"h":72}
	}}