{"mc":{
	"呼呼欢乐派对-炸弹击中泡泡炸":{
		"frameRate":24,
		"frames":[
			
			{
			"res":"1CCACA12",
			"x":21,
			"y":20
			},
			{
			"res":"632E6FA4",
			"x":12,
			"y":11
			},
			{
			"res":"F74C9941",
			"x":4,
			"y":4
			},
			{
			"res":"DEC17232",
			"x":3,
			"y":2
			},
			{
			"res":"94F7AB39",
			"x":2,
			"y":1
			},
			{
			"res":"3B024902",
			"x":1,
			"y":0
			},
			{
			"res":"7FF9D1F",
			"x":1,
			"y":0
			},
			{
			"res":"79CA567D",
			"x":1,
			"y":0
			},
			{
			"res":"ADBADE33",
			"x":2,
			"y":0
			}
			]
}},
	"res":{
		"1CCACA12":{"x":399,"y":79,"w":62,"h":59},
		"632E6FA4":{"x":399,"y":1,"w":79,"h":76},
		"F74C9941":{"x":302,"y":1,"w":95,"h":91},
		"DEC17232":{"x":203,"y":1,"w":97,"h":94},
		"94F7AB39":{"x":202,"y":101,"w":98,"h":96},
		"3B024902":{"x":102,"y":1,"w":99,"h":98},
		"7FF9D1F":{"x":1,"y":1,"w":99,"h":99},
		"79CA567D":{"x":1,"y":102,"w":99,"h":99},
		"ADBADE33":{"x":102,"y":101,"w":98,"h":99}
	}}