{"mc":{
	"呼呼欢乐派对-水泡消除":{
		"frameRate":24,
		"frames":[
			
			{
			"res":"DDC7630D",
			"x":21,
			"y":23
			},
			{
			"res":"C6C70E0D",
			"x":18,
			"y":20
			},
			{
			"res":"84760656",
			"x":14,
			"y":16
			},
			{
			"res":"F1AE6ED1",
			"x":6,
			"y":12
			},
			{
			"res":"F099AD64",
			"x":6,
			"y":9
			},
			{
			"res":"C1440CBA",
			"x":5,
			"y":8
			},
			{
			"res":"87C04CA9",
			"x":5,
			"y":7
			},
			{
			"res":"66052540",
			"x":5,
			"y":7
			},
			{
			"res":"123D3626",
			"x":4,
			"y":8
			}
			]
}},
	"res":{
		"DDC7630D":{"x":102,"y":173,"w":23,"h":26},
		"C6C70E0D":{"x":1,"y":176,"w":31,"h":32},
		"84760656":{"x":58,"y":173,"w":42,"h":49},
		"F1AE6ED1":{"x":58,"y":120,"w":54,"h":51},
		"F099AD64":{"x":1,"y":119,"w":55,"h":55},
		"C1440CBA":{"x":1,"y":1,"w":59,"h":57},
		"87C04CA9":{"x":1,"y":60,"w":57,"h":57},
		"66052540":{"x":62,"y":1,"w":57,"h":58},
		"123D3626":{"x":60,"y":61,"w":57,"h":57}
	}}