{"file":"res.png","frames":{
"bomb_anim_png":{"x":1,"y":562,"w":410,"h":300,"offX":1,"offY":1,"sourceW":412,"sourceH":302},
"box_anim_png":{"x":413,"y":562,"w":129,"h":210,"offX":1,"offY":1,"sourceW":131,"sourceH":212},
"remove_anim_bomb_png":{"x":1412,"y":838,"w":477,"h":200,"offX":1,"offY":1,"sourceW":479,"sourceH":202},
"remove_anim_normal_png":{"x":1860,"y":560,"w":124,"h":221,"offX":1,"offY":1,"sourceW":126,"sourceH":223},
"throw_png":{"x":584,"y":1,"w":385,"h":832,"offX":1,"offY":1,"sourceW":387,"sourceH":834},
"bomb_png":{"x":799,"y":1137,"w":99,"h":99,"offX":0,"offY":0,"sourceW":99,"sourceH":99},
"buy_btn_png":{"x":1010,"y":1173,"w":108,"h":60,"offX":0,"offY":0,"sourceW":108,"sourceH":60},
"change_png":{"x":1986,"y":637,"w":56,"h":59,"offX":0,"offY":0,"sourceW":56,"sourceH":59},
"ch_close_png":{"x":1891,"y":783,"w":149,"h":173,"offX":0,"offY":0,"sourceW":149,"sourceH":173},
"ch_open_png":{"x":1891,"y":958,"w":149,"h":173,"offX":0,"offY":0,"sourceW":149,"sourceH":173},
"ch_star_png":{"x":544,"y":562,"w":37,"h":37,"offX":2,"offY":3,"sourceW":41,"sourceH":40},
"ch_top_png":{"x":964,"y":1040,"w":640,"h":131,"offX":0,"offY":0,"sourceW":640,"sourceH":131},
"ch_unstar_png":{"x":920,"y":1056,"w":41,"h":39,"offX":0,"offY":0,"sourceW":41,"sourceH":40},
"close_btn_png":{"x":1959,"y":417,"w":75,"h":79,"offX":0,"offY":0,"sourceW":75,"sourceH":79},
"critical_png":{"x":1,"y":996,"w":234,"h":164,"offX":0,"offY":0,"sourceW":234,"sourceH":164},
"end_line_png":{"x":2040,"y":259,"w":4,"h":11,"offX":0,"offY":0,"sourceW":4,"sourceH":11},
"get_btn_png":{"x":900,"y":1173,"w":108,"h":60,"offX":0,"offY":0,"sourceW":108,"sourceH":60},
"icon_bg_png":{"x":591,"y":1170,"w":94,"h":93,"offX":0,"offY":0,"sourceW":94,"sourceH":93},
"item_icon_1_png":{"x":1986,"y":498,"w":49,"h":75,"offX":13,"offY":4,"sourceW":80,"sourceH":79},
"item_icon_2_png":{"x":375,"y":1231,"w":66,"h":70,"offX":10,"offY":6,"sourceW":80,"sourceH":79},
"item_icon_3_png":{"x":443,"y":1242,"w":69,"h":66,"offX":11,"offY":9,"sourceW":80,"sourceH":79},
"item_icon_4_png":{"x":319,"y":959,"w":73,"h":75,"offX":3,"offY":4,"sourceW":80,"sourceH":79},
"item_txt_name_1_png":{"x":237,"y":996,"w":80,"h":31,"offX":0,"offY":0,"sourceW":103,"sourceH":31},
"item_txt_name_2_png":{"x":900,"y":1137,"w":55,"h":31,"offX":0,"offY":0,"sourceW":103,"sourceH":31},
"item_txt_name_3_png":{"x":106,"y":1262,"w":103,"h":31,"offX":0,"offY":0,"sourceW":103,"sourceH":31},
"item_txt_name_4_png":{"x":1,"y":1262,"w":103,"h":31,"offX":0,"offY":0,"sourceW":103,"sourceH":31},
"leaf_get_png":{"x":544,"y":601,"w":33,"h":36,"offX":0,"offY":0,"sourceW":33,"sourceH":36},
"leaf_glow_png":{"x":1986,"y":698,"w":56,"h":59,"offX":0,"offY":0,"sourceW":56,"sourceH":59},
"leaf_gray_png":{"x":544,"y":639,"w":33,"h":36,"offX":0,"offY":0,"sourceW":33,"sourceH":36},
"lose_png":{"x":1412,"y":560,"w":446,"h":276,"offX":0,"offY":0,"sourceW":446,"sourceH":276},
"lose_total_txt_png":{"x":964,"y":986,"w":175,"h":43,"offX":0,"offY":0,"sourceW":175,"sourceH":43},
"pause_bg_png":{"x":971,"y":548,"w":439,"h":299,"offX":0,"offY":0,"sourceW":439,"sourceH":299},
"pot_png":{"x":1959,"y":498,"w":13,"h":13,"offX":0,"offY":0,"sourceW":13,"sourceH":13},
"price_bg_png":{"x":1986,"y":575,"w":60,"h":60,"offX":0,"offY":0,"sourceW":60,"sourceH":60},
"progress_back_png":{"x":237,"y":1137,"w":457,"h":31,"offX":0,"offY":0,"sourceW":458,"sourceH":31},
"progress_front_png":{"x":1,"y":1170,"w":451,"h":28,"offX":3,"offY":0,"sourceW":458,"sourceH":31},
"relayout_png":{"x":696,"y":1137,"w":101,"h":98,"offX":0,"offY":2,"sourceW":102,"sourceH":102},
"shop_add_btn_png":{"x":1440,"y":1235,"w":66,"h":69,"offX":0,"offY":1,"sourceW":66,"sourceH":70},
"shop_alert_png":{"x":1518,"y":259,"w":439,"h":299,"offX":0,"offY":0,"sourceW":446,"sourceH":299},
"shop_bg_png":{"x":1,"y":1,"w":581,"h":559,"offX":0,"offY":0,"sourceW":581,"sourceH":559},
"shop_line_png":{"x":977,"y":1266,"w":454,"h":4,"offX":0,"offY":0,"sourceW":454,"sourceH":4},
"shop_sub_btn_png":{"x":1508,"y":1204,"w":67,"h":69,"offX":0,"offY":1,"sourceW":67,"sourceH":70},
"shop_title_png":{"x":237,"y":1056,"w":342,"h":79,"offX":0,"offY":0,"sourceW":342,"sourceH":79},
"star_png":{"x":544,"y":707,"w":27,"h":28,"offX":0,"offY":0,"sourceW":27,"sourceH":28},
"star_gray_png":{"x":544,"y":677,"w":27,"h":28,"offX":0,"offY":0,"sourceW":27,"sourceH":28},
"task_icon_1_png":{"x":1606,"y":1171,"w":96,"h":84,"offX":0,"offY":0,"sourceW":96,"sourceH":84},
"task_icon_2_png":{"x":319,"y":864,"w":90,"h":93,"offX":0,"offY":0,"sourceW":90,"sourceH":93},
"task_icon_3_png":{"x":1704,"y":1171,"w":93,"h":83,"offX":0,"offY":0,"sourceW":93,"sourceH":83},
"task_name_1_png":{"x":514,"y":1265,"w":108,"h":29,"offX":0,"offY":0,"sourceW":123,"sourceH":29},
"task_name_10_png":{"x":687,"y":1238,"w":178,"h":29,"offX":0,"offY":0,"sourceW":209,"sourceH":29},
"task_name_11_png":{"x":195,"y":1231,"w":178,"h":29,"offX":0,"offY":0,"sourceW":209,"sourceH":29},
"task_name_12_png":{"x":900,"y":1235,"w":178,"h":29,"offX":0,"offY":0,"sourceW":209,"sourceH":29},
"task_name_13_png":{"x":1260,"y":1235,"w":178,"h":29,"offX":0,"offY":0,"sourceW":209,"sourceH":29},
"task_name_15_png":{"x":195,"y":1200,"w":192,"h":29,"offX":0,"offY":0,"sourceW":209,"sourceH":29},
"task_name_16_png":{"x":1120,"y":1204,"w":192,"h":29,"offX":0,"offY":0,"sourceW":209,"sourceH":29},
"task_name_17_png":{"x":1314,"y":1204,"w":192,"h":29,"offX":0,"offY":0,"sourceW":209,"sourceH":29},
"task_name_18_png":{"x":1,"y":1231,"w":192,"h":29,"offX":0,"offY":0,"sourceW":209,"sourceH":29},
"task_name_19_png":{"x":1,"y":1200,"w":192,"h":29,"offX":0,"offY":0,"sourceW":209,"sourceH":29},
"task_name_2_png":{"x":867,"y":1266,"w":108,"h":29,"offX":0,"offY":0,"sourceW":123,"sourceH":29},
"task_name_20_png":{"x":1120,"y":1173,"w":207,"h":29,"offX":0,"offY":0,"sourceW":209,"sourceH":29},
"task_name_21_png":{"x":1329,"y":1173,"w":207,"h":29,"offX":0,"offY":0,"sourceW":209,"sourceH":29},
"task_name_3_png":{"x":1829,"y":1263,"w":108,"h":29,"offX":0,"offY":0,"sourceW":123,"sourceH":29},
"task_name_4_png":{"x":1939,"y":1263,"w":108,"h":29,"offX":0,"offY":0,"sourceW":123,"sourceH":29},
"task_name_5_png":{"x":1704,"y":1256,"w":123,"h":29,"offX":0,"offY":0,"sourceW":123,"sourceH":29},
"task_name_6_png":{"x":1577,"y":1257,"w":123,"h":29,"offX":0,"offY":0,"sourceW":123,"sourceH":29},
"task_name_7_png":{"x":211,"y":1262,"w":108,"h":29,"offX":0,"offY":0,"sourceW":123,"sourceH":29},
"task_name_8_png":{"x":413,"y":774,"w":163,"h":29,"offX":0,"offY":0,"sourceW":209,"sourceH":29},
"task_name_9_png":{"x":1080,"y":1235,"w":178,"h":29,"offX":0,"offY":0,"sourceW":209,"sourceH":29},
"task_tip_png":{"x":1837,"y":1040,"w":49,"h":45,"offX":0,"offY":0,"sourceW":49,"sourceH":45},
"task_title_png":{"x":581,"y":1056,"w":337,"h":79,"offX":0,"offY":0,"sourceW":337,"sourceH":79},
"tree_down_png":{"x":454,"y":1170,"w":135,"h":70,"offX":0,"offY":2,"sourceW":135,"sourceH":72},
"txt_geted_png":{"x":1314,"y":986,"w":89,"h":32,"offX":0,"offY":0,"sourceW":89,"sourceH":32},
"win_png":{"x":1518,"y":1,"w":527,"h":256,"offX":0,"offY":0,"sourceW":527,"sourceH":256},
"win_light_png":{"x":971,"y":1,"w":545,"h":545,"offX":1,"offY":1,"sourceW":547,"sourceH":547},
"win_star_png":{"x":1959,"y":259,"w":79,"h":77,"offX":0,"offY":0,"sourceW":79,"sourceH":77},
"win_star_gray_png":{"x":1959,"y":338,"w":79,"h":77,"offX":0,"offY":0,"sourceW":79,"sourceH":77},
"win_target_txt_png":{"x":1141,"y":986,"w":171,"h":43,"offX":0,"offY":0,"sourceW":171,"sourceH":43},
"zan_bg_png":{"x":413,"y":835,"w":549,"h":219,"offX":0,"offY":0,"sourceW":549,"sourceH":219},
"zan_txt_1_png":{"x":1606,"y":1040,"w":229,"h":129,"offX":167,"offY":52,"sourceW":549,"sourceH":219},
"zan_txt_2_png":{"x":1,"y":864,"w":316,"h":130,"offX":123,"offY":50,"sourceW":549,"sourceH":219},
"zan_txt_3_png":{"x":1837,"y":1133,"w":200,"h":128,"offX":185,"offY":50,"sourceW":549,"sourceH":219},
"zan_txt_4_png":{"x":964,"y":849,"w":410,"h":135,"offX":77,"offY":51,"sourceW":549,"sourceH":219}}}