{"file":"res_uncompress.png","frames":{
"item_4_png":{"x":1,"y":304,"w":60,"h":60,"offX":0,"offY":0,"sourceW":60,"sourceH":60},
"item_5_png":{"x":722,"y":325,"w":58,"h":58,"offX":1,"offY":1,"sourceW":60,"sourceH":60},
"item_6_png":{"x":125,"y":332,"w":58,"h":58,"offX":1,"offY":1,"sourceW":60,"sourceH":60},
"item_7_png":{"x":662,"y":325,"w":58,"h":58,"offX":1,"offY":1,"sourceW":60,"sourceH":60},
"item_8_png":{"x":643,"y":1,"w":271,"h":220,"offX":1,"offY":1,"sourceW":273,"sourceH":222},
"item_100_png":{"x":166,"y":134,"w":122,"h":126,"offX":1,"offY":1,"sourceW":124,"sourceH":128},
"lose_main_png":{"x":895,"y":239,"w":90,"h":91,"offX":0,"offY":0,"sourceW":90,"sourceH":92},
"lose_replay_png":{"x":509,"y":236,"w":90,"h":92,"offX":0,"offY":0,"sourceW":90,"sourceH":92},
"music_off_png":{"x":607,"y":223,"w":96,"h":100,"offX":0,"offY":0,"sourceW":96,"sourceH":100},
"music_on_png":{"x":705,"y":223,"w":96,"h":100,"offX":0,"offY":0,"sourceW":96,"sourceH":100},
"num_tip_png":{"x":235,"y":314,"w":45,"h":43,"offX":1,"offY":1,"sourceW":46,"sourceH":46},
"pause_png":{"x":166,"y":262,"w":67,"h":68,"offX":0,"offY":0,"sourceW":67,"sourceH":68},
"pause_music_off_png":{"x":404,"y":242,"w":90,"h":91,"offX":0,"offY":0,"sourceW":90,"sourceH":92},
"pause_music_on_png":{"x":803,"y":223,"w":90,"h":92,"offX":0,"offY":0,"sourceW":90,"sourceH":92},
"pause_shop_png":{"x":290,"y":251,"w":84,"h":87,"offX":3,"offY":0,"sourceW":90,"sourceH":92},
"play_png":{"x":1,"y":134,"w":163,"h":168,"offX":0,"offY":0,"sourceW":163,"sourceH":168},
"tail_png":{"x":235,"y":262,"w":52,"h":50,"offX":0,"offY":0,"sourceW":52,"sourceH":50},
"win_main_png":{"x":404,"y":134,"w":103,"h":106,"offX":0,"offY":0,"sourceW":103,"sourceH":106},
"win_play_png":{"x":916,"y":131,"w":103,"h":106,"offX":0,"offY":0,"sourceW":103,"sourceH":106},
"ch_home_png":{"x":290,"y":134,"w":112,"h":115,"offX":0,"offY":0,"sourceW":112,"sourceH":115},
"ch_next_png":{"x":509,"y":134,"w":96,"h":100,"offX":0,"offY":0,"sourceW":96,"sourceH":100},
"cup_png":{"x":916,"y":1,"w":94,"h":128,"offX":0,"offY":2,"sourceW":94,"sourceH":132},
"game_top_png":{"x":1,"y":1,"w":640,"h":131,"offX":0,"offY":0,"sourceW":640,"sourceH":131},
"guide_cir_png":{"x":63,"y":304,"w":60,"h":60,"offX":0,"offY":0,"sourceW":60,"sourceH":60},
"item_1_png":{"x":803,"y":317,"w":60,"h":60,"offX":0,"offY":0,"sourceW":60,"sourceH":60},
"item_2_png":{"x":496,"y":330,"w":58,"h":58,"offX":1,"offY":1,"sourceW":60,"sourceH":60},
"item_3_png":{"x":601,"y":325,"w":59,"h":59,"offX":1,"offY":1,"sourceW":60,"sourceH":60}}}