{
"texture":"tail.png",
"startSizeVariance":10
,"startRotationVariance":0
,"startBlue":255
,"endAlpha":1
,"endRotationVariance":285
,"gravity":{"x":0,"y":0}
,"emitterVariance":{"x":0,"y":2}
,"startGreen":255
,"endRotation":0
,"speedVariance":0
,"startBlueVariance":0
,"startRed":255
,"blendFactorSource":"one"
,"startGreenVariance":0
,"blendFactorDestination":"oneMinusSourceAlpha"
,"radialAccelerationVariance":0
,"emitterType":0
,"tangentialAcceleration":0
,"endRedVariance":0
,"radialAcceleration":0
,"tangentialAccelerationVariance":0
,"startAlpha":0
,"speed":20
,"startAlphaVariance":0
,"maxRadiusVariance":30
,"endAlphaVariance":0
,"endBlue":255
,"duration":-1
,"lifespanVariance":200
,"maxRadius":100
,"minRadiusVariance":10
,"startSize":40
,"endRed":255
,"lifespan":500
,"engGreenVariance":0
,"minRadius":20
,"endBlueVariance":0
,"endSize":10
,"endGreen":255
,"startRedVariance":0
,"emitter":{"x":1015,"y":181}
,"emitAngle":180
,"rotatePerSecondVariance":10
,"maxParticles":35
,"emitAngleVariance":360
,"endSizeVariance":5
,"startRotation":0
,"rotatePerSecond":30
}