{"mc":{
	"throw_left":{
		"frameRate":12,
		"frames":[
			
			{
			"res":"33464359",
			"x":8,
			"y":13
			},
			{
			"res":"B5AF8FEE",
			"x":8,
			"y":13
			},
			{
			"res":"2CC3125",
			"x":11,
			"y":12
			},
			{
			"res":"D91A7F0A",
			"x":17,
			"y":10
			},
			{
			"res":"BD16CF7E",
			"x":27,
			"y":12,
			"duration":2
			}
			]
},"throw_up":{
		"frameRate":9,
		"frames":[
			
			{
			"res":"2A0E3414",
			"x":7,
			"y":16
			},
			{
			"res":"C963B565",
			"x":11,
			"y":14
			},
			{
			"res":"61A03017",
			"x":20,
			"y":13
			},
			{
			"res":"31EF0752",
			"x":20,
			"y":13
			}
			]
}},
	"res":{
		"33464359":{"x":193,"y":503,"w":190,"h":163},
		"B5AF8FEE":{"x":1,"y":503,"w":190,"h":163},
		"2CC3125":{"x":194,"y":1,"w":192,"h":165},
		"D91A7F0A":{"x":1,"y":1,"w":191,"h":166},
		"BD16CF7E":{"x":1,"y":668,"w":185,"h":165},
		"2A0E3414":{"x":1,"y":337,"w":189,"h":163},
		"C963B565":{"x":194,"y":168,"w":192,"h":165},
		"61A03017":{"x":1,"y":169,"w":189,"h":166},
		"31EF0752":{"x":192,"y":335,"w":189,"h":166}
	}}